2021.04.13.19.55.18,Critical File Integrity,Critical files modified
2021.04.13.19.57.56,System Resource Analysis,33 percent diviation
2021.04.13.20.02.35,Network Analysis,SSH connection attempt
2021.04.13.20.02.49,SystemLog Analysis,3 failed login attempts
2021.04.13.20.12.07,Critical File Integrity,Critical files modified
2021.04.13.20.14.38,Network Analysis,SSH connection attempt
2021.04.13.20.14.56,Critical File Integrity,Critical files modified
2021.04.13.20.15.26,AppLogAnalyze,Number Sequence Broken
2021.04.13.20.15.26,AppLogAnalyze,Number Sequence Broken
2021.04.13.20.15.26,AppLogAnalyze,Number Sequence Broken
2021.04.13.20.21.56,System Resource Analysis,33 percent diviation
2021.03.09.22.03.39,Statistical Detection,Irregular Mean found
2021.03.09.22.03.39,Statistical Detection,Irregular Mean found
2021.03.09.22.03.39,Statistical Detection,Irregular Mean found
2021.03.09.22.03.39,Statistical Detection,Irregular Mean found
2021.03.09.22.03.39,Statistical Detection,Irregular Mean found
2021.03.09.22.03.39,Statistical Detection,Irregular Mean found
2021.03.09.22.03.39,Statistical Detection,Irregular Mean found
2021.03.09.22.03.39,Statistical Detection,Irregular Mean found
2021.03.09.22.03.39,Statistical Detection,Irregular Mean found
2021.03.09.22.03.39,Statistical Detection,Irregular Mean found
2021.03.09.22.03.39,Statistical Detection,Irregular Mean found
2021.03.09.22.03.39,Statistical Detection,Irregular Mean found
2021.03.09.22.03.39,Statistical Detection,Irregular Mean found
2021.03.09.22.03.39,Statistical Detection,Irregular Mean found
2021.03.09.22.03.39,Statistical Detection,Irregular Mean found
2021.03.09.22.03.39,Statistical Detection,Irregular Mean found
2021.03.09.22.03.39,Statistical Detection,Irregular Mean found
2021.03.09.22.03.39,Statistical Detection,Irregular Mean found
2021.03.09.22.03.39,Statistical Detection,Irregular Mean found
2021.03.09.22.03.39,Statistical Detection,Irregular Mean found
2021.03.09.22.03.39,Statistical Detection,Irregular Mean found
2021.03.09.22.03.39,Statistical Detection,Irregular Mean found
2021.03.09.22.03.39,Statistical Detection,Irregular Mean found
2021.03.09.22.03.39,Statistical Detection,Irregular Mean found
2021.03.09.22.03.39,Statistical Detection,Irregular Mean found
2021.03.09.22.03.39,Statistical Detection,Irregular Mean found
2021.03.09.22.03.39,Statistical Detection,Irregular Mean found
2021.03.09.22.03.39,Statistical Detection,Irregular Mean found
2021.03.09.22.03.39,Statistical Detection,Irregular Mean found
2021.03.09.22.03.39,Statistical Detection,Irregular Mean found
2021.03.09.22.03.39,Statistical Detection,Irregular Mean found
2021.03.09.22.03.39,Statistical Detection,Irregular Mean found
2021.03.09.22.03.39,Statistical Detection,Irregular Mean found
2021.03.09.22.03.39,Statistical Detection,Irregular Mean found
2021.03.09.22.03.39,Statistical Detection,Irregular Mean found
2021.03.09.22.03.39,Statistical Detection,Irregular Mean found
2021.03.09.22.03.39,Statistical Detection,Irregular Mean found
2021.03.09.22.03.39,Statistical Detection,Irregular Mean found
2021.03.09.22.03.39,Statistical Detection,Irregular Mean found
2021.03.09.22.03.39,Statistical Detection,Irregular Mean found
2021.03.09.22.03.39,Statistical Detection,Irregular Mean found
2021.03.09.22.03.39,Statistical Detection,Irregular Mean found
2021.03.09.22.03.39,Statistical Detection,Irregular Mean found
2021.03.09.22.03.39,Statistical Detection,Irregular Mean found
2021.03.09.22.03.39,Statistical Detection,Irregular Mean found
2021.03.09.22.03.39,Statistical Detection,Irregular Mean found
2021.03.09.22.03.39,Statistical Detection,Irregular Mean found
2021.03.09.22.03.39,Statistical Detection,Irregular Mean found
2021.03.09.22.03.39,Statistical Detection,Irregular Mean found
2021.03.09.22.03.39,Statistical Detection,Irregular Mean found
2021.03.09.22.03.39,Statistical Detection,Irregular Mean found
2021.03.09.22.03.39,Statistical Detection,Irregular Mean found
2021.04.13.20.26.02,SystemLog Analysis,3 failed login attempts
2021.04.13.20.31.53,Critical File Integrity,Critical files modified
2021.04.13.20.20.34,AppLogAnalyze,Number Sequence Broken
2021.04.13.20.20.34,AppLogAnalyze,Number Sequence Broken
2021.04.13.20.20.34,AppLogAnalyze,Number Sequence Broken
